Date,Name,Year,Letterboxd URI,Rating,decade,genres,liked,tmdb_id,runtime,lang,keywords
2021-01-12,Spider-Man: Into the Spider-Verse,2018,https://boxd.it/azpY,5.0,2010,"['Animation', 'Action', 'Adventure', 'Science Fiction']",yes,324857,117,en,"['superhero', 'based on comic', 'aftercreditsstinger', 'alternate universe']"
2021-01-12,Portrait of a Lady on Fire,2019,https://boxd.it/jkPq,5.0,2010,"['Drama', 'Romance', 'History']",yes,531428,121,fr,"['island', 'fire', 'beach', 'arranged marriage', 'classical music', 'painting', 'painter', 'greek mythology', 'lesbian relationship', 'person on fire', 'period drama', 'lesbian sex', 'portrait', 'lgbt', '18th century', 'woman director', 'abortion', 'portrait drawing', 'posing for a portrait', 'women gathering', 'women in film', 'walk', 'painting lesson', 'symphony orchestra', 'lesbian', 'serene', 'woman falls in love', 'vivaldi', 'women']"
2021-01-12,The Handmaiden,2016,https://boxd.it/948A,5.0,2010,"['Thriller', 'Drama', 'Romance']",yes,290098,145,ko,"['jealousy', 'based on novel or book', 'library', 'pickpocket', 'con man', 'swindler', 'lesbian relationship', 'mansion', 'lust', 'lgbt', 'noblewoman', 'shocking', 'erotic thriller', 'con woman', '1930s', ""lady's maid"", 'handmade', 'seducer', 'japanese occupation of korea', 'lesbian', ""girls' love (gl)"", 'excited']"
2022-07-01,Swiss Army Man,2016,https://boxd.it/bDG2,4.5,2010,"['Comedy', 'Drama', 'Romance', 'Fantasy', 'Adventure']",no,347031,97,en,"['beach', 'friends', 'survival', 'dead body', 'corpse', 'deserted island', 'buddy comedy', 'fart']"
2022-07-07,Everything Everywhere All at Once,2022,https://boxd.it/jUk4,5.0,2020,"['Action', 'Adventure', 'Science Fiction']",no,545611,140,en,"['mother', 'martial arts', 'kung fu', 'philosophy', 'generations conflict', 'chinese woman', 'surrealism', 'laundromat', 'chinese', 'east asian lead', 'divorce', 'family', 'lgbt', 'hot dog', 'asian woman', 'chinese immigrant', 'imaginative', 'mother daughter relationship', 'action comedy', 'asian american', 'intergenerational trauma', 'internal revenue service', 'interdimensional travel', 'absurd', 'dramatic', 'bold', 'excited', '瞬息全宇宙']"
2022-08-14,Donkey Skin,1970,https://boxd.it/22V2,4.5,1970,"['Fantasy', 'Comedy', 'Music', 'Romance']",yes,5590,90,fr,"['princess', 'loss of loved one', 'cake', 'donkey', 'prince', 'surrealism', 'imaginary land', 'wedding', 'king', 'leaving home', 'based on fairy tale', 'ring', 'anachronism', 'fairy godmother', 'father daughter relationship']"
2022-12-05,Barbarian,2022,https://boxd.it/yohi,5.0,2020,"['Horror', 'Thriller']",no,913290,102,en,"['monster', 'sexual abuse', 'paranoia', 'flashback', 'basement', 'serial killer', 'duringcreditsstinger', 'paranoid', 'airbnb', 'abduction', 'metoo', 'secret room', 'distressing', 'ghoulish']"
2022-12-11,Guillermo del Toro's Pinocchio,2022,https://boxd.it/kjMW,4.5,2020,"['Animation', 'Fantasy', 'Adventure', 'Drama']",yes,555604,117,en,"['based on novel or book', 'italy', 'fascism', 'greed', 'woodcutter', 'musical', 'puppet', 'benito mussolini', 'stop motion', 'dark fantasy', 'duringcreditsstinger', '1940s', 'wooden dummy']"
2023-04-13,M,1931,https://boxd.it/29vq,4.5,1930,['Drama'],no,301282,0,de,[]
2023-05-14,Soft & Quiet,2022,https://boxd.it/zd2o,0.5,2020,"['Horror', 'Thriller']",no,934131,91,en,"['rape', 'sexual violence', 'racism', 'former best friend', 'hate group', 'real time', 'woman director', 'psychological horror', 'horror']"
2023-06-26,The Tale of the Fox,1937,https://boxd.it/3b3K,4.0,1930,"['Animation', 'Comedy', 'Fantasy']",no,90034,65,fr,"['based on novel or book', 'kingdom', 'lion', 'fox', 'puppet', 'stop motion', 'king', 'animals']"
2023-07-10,Nimona,2023,https://boxd.it/Aiyc,4.5,2020,"['Animation', 'Family', 'Action', 'Science Fiction', 'Adventure', 'Fantasy', 'Comedy']",no,961323,101,en,"['monster', 'supernatural', 'on the run', 'knight', 'based on graphic novel', 'metamorphosis', 'lgbt', 'shape shifter', 'unlikely friendship', 'girl power', 'imaginative', 'irreverent', 'heartfelt', 'teenager', 'science fantasy']"
2023-07-22,Possession,1981,https://boxd.it/1BPm,3.0,1980,['Horror'],no,21484,124,en,"['adultery', 'berlin, germany', 'monster', 'police', 'marriage crisis', 'germany', 'berlin wall', 'obsession', 'investigation', 'gore', 'hysteria', 'teacher', 'murder', 'domestic abuse', 'serial killer', 'domestic violence', 'motorcycle', 'tentacle', 'miscarriage', 'separation', 'extramarital affair', 'mental illness', 'private detective', 'spiral staircase', 'doppelgänger', 'dual role', 'marital separation', 'video nasty', 'breakdown', 'downward spiral', 'impending divorce', 'depressing', 'frustrated']"
2023-07-29,Blue Is the Warmest Color,2013,https://boxd.it/4O40,1.0,2010,"['Romance', 'Drama']",no,152584,180,fr,"['homophobia', 'self-discovery', 'eroticism', 'coming of age', 'love', 'lesbian relationship', 'sexual attraction', 'based on graphic novel', 'high school student', 'sexual desire', 'teenage sexuality', 'lgbt', 'sexual awakening', 'literary adaptation', 'social class', 'lille, france', 'self exploration', 'lesbian', 'age-gap relationship', 'teenager']"
2023-07-29,The Thing,1982,https://boxd.it/294O,4.0,1980,"['Horror', 'Mystery', 'Science Fiction']",no,1091,109,en,"['spacecraft', 'helicopter', 'space marine', 'based on novel or book', 'isolation', 'mutation', 'paranoia', 'grave', 'snowstorm', 'research station', 'alien life-form', 'alien', 'remake', 'survival', 'creature', 'helicopter pilot', 'antarctica', 'shape shifting alien', 'alien infection', 'survival horror', 'sled dogs', 'alien monster', 'paranoid', 'alien parasites', 'isolated place', 'uncertainty', 'blood test', 'body horror', 'ambiguity', 'lovecraftian', 'critical', 'ominous', 'antarctic', 'monster horror']"
2023-08-07,Being John Malkovich,1999,https://boxd.it/2ahu,4.5,1990,"['Comedy', 'Drama', 'Fantasy']",no,492,113,en,"['witch', 'sexual identity', 'individual', 'secret love', 'transvestism', 'identity', 'subconsciousness', 'new identity', 'pet', 'chimp', 'puppeteer', 'appropriation of another human being', 'externally controlled action', 'pet shop', 'shocking']"
2023-08-07,The Killing of a Sacred Deer,2017,https://boxd.it/dZ5G,4.5,2010,"['Drama', 'Thriller', 'Mystery']",no,399057,121,en,"['husband wife relationship', 'hostage', 'psychopath', 'insanity', 'blackmail', 'surgeon', 'paralysis', 'dysfunctional family', 'paranormal', 'revenge', 'hospital', 'cruelty', 'brutality', 'cafe', 'cardiologist', 'recovering alcoholic', 'open heart surgery']"
2023-08-07,Ex Machina,2015,https://boxd.it/7T2k,4.0,2010,"['Drama', 'Science Fiction']",no,264660,108,en,"['android', 'dancing', 'friendship', 'man vs machine', 'distrust', 'artificial intelligence (a.i.)', 'isolation', 'technology', 'manipulation', 'high technology', 'treason', 'deception', 'norway', 'laboratory', 'robot', 'power outage', 'surveillance', 'rich', 'surveillance camera', 'consciousness', 'employer employee relationship', 'isolated house', 'wealthy man', 'existentialism', 'lockdown', 'emotional intelligence', 'female cyborg', 'human android relationship', 'tech company', 'critical', 'intense', 'big tech']"
2023-08-07,The Young Girls of Rochefort,1967,https://boxd.it/26K8,4.5,1960,"['Romance', 'Comedy', 'Drama']",no,2433,126,fr,"['new love', 'sibling relationship', 'mistake in person', 'unexpected happiness', 'twin sister', 'painting', 'fair', 'bridge', 'musical', ""man of one's dreams"", 'ideal', 'ballet', 'twins', 'musical comedy', 'sister sister relationship', 'relaxed', 'lighthearted', 'witty']"
2023-08-07,One Hour Photo,2002,https://boxd.it/1YT2,3.5,2000,"['Drama', 'Thriller']",no,9357,96,en,"['hotel room', 'cheating', 'supermarket', 'penalty', 'photography', 'knife', 'birthday party', 'stalker', 'photo lab', 'voyeurism', 'unfaithful husband', 'suspenseful', 'tense', 'foreboding']"
2023-08-24,The Wicker Man,1973,https://boxd.it/1KnG,4.5,1970,['Horror'],no,16307,93,en,"['virgin', 'island', 'based on novel or book', 'sacrifice', 'scotland', 'ritual', 'cemetery', 'investigation', 'cult', 'human sacrifice', 'rural area', 'disappearance', 'paganism', 'policeman', 'bonfire', 'psychotronic', 'voyeurism', 'may day', 'folk horror', 'isolated island', 'song', 'sea plane', 'harvest festival', 'horror musical']"
2023-09-12,Greener Grass,2019,https://boxd.it/jYoY,3.5,2010,['Comedy'],no,547009,96,en,"['dark comedy', 'surreal', 'suburbia', 'biting', 'family', 'dental braces', 'woman director', 'satirical', 'football (soccer) mom', 'bizzare', 'female rivalry', 'absurd']"
2023-09-18,27 Dresses,2008,https://boxd.it/21x4,2.5,2000,"['Comedy', 'Romance']",no,6557,111,en,"['newspaper', 'new love', 'lovesickness', 'sibling relationship', 'wedding planner', 'witness', 'bride', 'bridesmaid', 'romcom', 'sister', 'sibling rivalry', 'reporter', 'wedding', 'woman director', 'hilarious', 'cheerful', 'familiar']"
2023-09-19,Theater Camp,2023,https://boxd.it/Bfbm,4.5,2020,['Comedy'],no,986054,93,en,"['friendship', 'coma', 'summer camp', 'musical', 'camp', 'improvisation', 'new york state', 'woman director', 'candid', 'playful', 'based on short film', 'ensemble cast', 'theatre', 'theater', 'lighthearted', 'casual', 'sentimental', 'witty', 'hilarious', 'celebratory', 'earnest', 'exuberant']"
2023-09-19,My Man Godfrey,1936,https://boxd.it/1PTC,4.0,1930,['Comedy'],no,13562,95,en,"['lovesickness', 'butler', 'scavenger hunt', 'black and white', 'screwball comedy', 'socialite', 'depression era', 'high society', 'lovesick', 'mentor protégé relationship', 'protégé', 'city dump', 'idle rich', 'propriety']"
2023-09-20,The Apartment,1960,https://boxd.it/2aGE,4.0,1960,"['Comedy', 'Drama', 'Romance']",no,284,125,en,"[""new year's eve"", 'new york city', 'lovesickness', 'clerk', 'winter', 'age difference', 'suicide attempt', 'office', 'flat', 'spaghetti', 'tennis racket', 'romcom', 'black and white', 'love affair', 'extramarital affair', 'quitting a job', 'christmas', 'apartment', 'panavision']"
2023-09-21,Shiva Baby,2020,https://boxd.it/oIv0,4.5,2020,"['Comedy', 'Drama']",no,664300,78,en,"['new york city', 'parent child relationship', 'ex-girlfriend', 'bisexuality', 'jewish life', 'coming of age', 'jewish american', 'lgbt', 'jewish girl', 'woman director', 'jewish culture', 'college student', 'candid', 'sugar daddy', 'anxious', 'playful', 'mourning ritual', 'based on short film', 'intimate', 'witty', 'hilarious', 'romantic']"
2023-09-25,Teenage Mutant Ninja Turtles: Mutant Mayhem,2023,https://boxd.it/mK0a,5.0,2020,"['Animation', 'Comedy', 'Action', 'Science Fiction']",no,614930,100,en,"['new york city', 'sibling relationship', 'skateboarding', 'crime fighter', 'superhero', 'turtle', 'ninja', 'duringcreditsstinger', 'playful', 'aspiring journalist', 'anthropomorphic animal', 'lighthearted', 'sentimental', 'whimsical', 'enthusiastic', 'vibrant']"
2023-09-28,Bottoms,2023,https://boxd.it/uGf2,5.0,2020,['Comedy'],yes,814776,91,en,"['high school', 'cheerleader', 'female friendship', 'bullying', 'coming of age', 'teenage girl', 'school assembly', 'high school student', 'teen comedy', 'lgbt', 'sex comedy', 'duringcreditsstinger', 'teen anger', 'jocks', 'teen social issues', 'fight club', 'toxic masculinity', 'playful', 'provocative', 'absurdist humor', 'absurd', 'witty', 'amused', 'defiant', 'exuberant', 'sarcastic']"
2023-09-30,Charade,1963,https://boxd.it/23O2,4.5,1960,"['Comedy', 'Mystery', 'Romance']",no,4808,113,en,"['central intelligence agency (cia)', 'paris, france', 'espionage', 'age difference', 'loss of loved one', 'widow', 'spy', 'interpreter', 'stamp', 'caper', 'whodunit', 'train', 'alias', 'screwball comedy', 'caper comedy', 'alps mountains', 'notre dame cathedral', 'american spy']"
2023-10-15,Pearl,2022,https://boxd.it/zPbe,4.5,2020,"['Horror', 'Thriller']",no,949423,102,en,"['farm', 'pornography', 'dance performance', 'confession', 'texas', 'alligator', 'barn', 'prequel', 'murder', 'serial killer', 'slasher', 'corpse', 'murderer', 'violent death', 'lust', 'religious fundamentalism', 'audition', 'mental illness', 'projectionist', 'nostalgic', 'isolated farmhouse', 'pandemic', '1910s', 'mother daughter relationship', 'origin story', 'playful', 'aspiring actress', 'pastiche', 'whimsical', 'empathetic', 'sympathetic', 'tragic', 'vibrant']"
2023-10-23,They Live,1988,https://boxd.it/20lm,4.0,1980,"['Science Fiction', 'Action', 'Thriller']",no,8337,93,en,"['capitalism', 'dystopia', 'villainess', 'alien', 'social commentary', 'los angeles, california', 'alien invasion', 'sunglasses', 'glasses', 'brawl', 'subliminal message', 'aliens', 'conspiracy thriller', 'hilarious', 'fist fight', 'whimsical', 'farcical', 'frightened', 'anti-consumerism', 'b-horror', 'interspecies sex']"
2023-11-12,"Night Is Short, Walk On Girl",2017,https://boxd.it/ffwA,4.5,2010,"['Comedy', 'Romance', 'Animation', 'Fantasy']",yes,430214,93,ja,"['based on novel or book', 'theater play', 'kyoto, japan', 'anime', 'binge drinking', 'book fair', 'night festival']"
2023-11-15,The Lodge,2019,https://boxd.it/h2c2,3.0,2010,"['Horror', 'Drama', 'Mystery', 'Thriller']",no,474764,108,en,"['suicide', 'winter', 'massachusetts', 'thanksgiving', 'stepmother', 'murder', 'snow', 'cabin', 'divorce', 'dead dog', 'ice skating', 'cult leader', 'religious cult', 'christmas']"
2023-11-19,Bones and All,2022,https://boxd.it/tLd4,4.5,2020,"['Horror', 'Romance', 'Drama']",no,791177,131,en,"['based on novel or book', 'sense of guilt', 'homelessness', 'addiction', 'road trip', 'love', 'interracial romance', 'teenage girl', 'family abandonment', 'cannibal', 'guilt', 'sensuality', 'first love', 'pickup truck', 'flesh eating', 'road movie', 'genre bending', 'dark secret', '1980s', 'american midwest', 'abandonment', 'romantic thriller', 'estranged mother', 'brother sister relationship', 'love story', 'body horror', 'intimate', 'suspenseful', 'sentimental', 'romantic', 'brutal violence']"
2024-01-04,The Holdovers,2023,https://boxd.it/vHza,4.0,2020,"['Comedy', 'Drama']",no,840430,133,en,"['vietnam war', 'winter', 'boarding school', 'holiday', 'boston, massachusetts', '1970s', 'alcoholism', 'grief', 'misfit', 'mental illness', 'teacher student relationship', 'new england', 'nostalgic', ""boys' boarding school"", 'christmas', 'winter break', 'troubled youth', 'loss of son', 'playful', 'intimate', 'christmastime', 'cook', 'sentimental', 'compassionate']"
2024-01-05,Isle of Dogs,2018,https://boxd.it/dZrW,4.0,2010,"['Adventure', 'Comedy', 'Animation']",no,399174,101,en,"['island', 'japan', 'stop motion', 'dog', 'garbage dump', 'pets', 'witty', 'vibrant']"
2024-01-15,Saltburn,2023,https://boxd.it/z4eg,4.0,2020,"['Drama', 'Comedy', 'Thriller']",no,930564,131,en,"['suicide', 'karaoke', 'obsession', 'country house', 'maze', 'college', 'dark comedy', 'birthday party', 'university', 'bathtub', 'lust', 'gothic', 'mental illness', 'lgbt', 'mental health', 'bisexual man', 'eating disorder', 'woman director', 'oxford university', 'family estate', 'alcohol problems', 'self-harm', 'suicide investigation', '2000s', 'gay theme', ""boys' love (bl)""]"
2024-01-20,Sonatine,1993,https://boxd.it/20TI,4.0,1990,"['Action', 'Crime', 'Thriller']",no,7500,94,ja,"['japan', 'beach', 'yakuza', 'knife', 'okinawa', 'bullet wound', 'gun violence', 'playfulness']"
2024-01-28,The First Wives Club,1996,https://boxd.it/265O,3.5,1990,['Comedy'],no,2925,102,en,"['based on novel or book', 'revenge', 'divorce', 'divorced woman', 'reunited friends']"
2024-02-02,"The Good, the Bad and the Ugly",1966,https://boxd.it/2ape,4.5,1960,['Western'],no,429,161,it,"['gold', 'army', 'bounty hunter', 'hitman', 'refugee', 'anti hero', 'moral ambiguity', 'gallows', 'outlaw', 'gun battle', 'shootout', 'spaghetti western', 'graveyard', 'american civil war', 'stolen gold', 'complex', 'hidden gold', 'gun death', 'cemetary', 'confederate gold']"
2024-02-03,Star Trek: The Motion Picture,1979,https://boxd.it/2b0O,3.0,1970,"['Science Fiction', 'Adventure', 'Mystery']",no,152,131,en,"['spacecraft', 'man vs machine', 'artificial intelligence (a.i.)', 'self sacrifice', 'teleportation', 'san francisco, california', 'starship', 'space opera', 'reunited friends', 'outer space', 'lighthearted', 'didactic', 'reminiscent', 'sentimental', 'sympathetic']"
2024-02-05,Star Trek II: The Wrath of Khan,1982,https://boxd.it/2b0u,4.0,1980,"['Action', 'Adventure', 'Science Fiction', 'Thriller']",yes,154,112,en,"['spacecraft', 'life and death', 'genetics', 'asteroid', 'self sacrifice', 'teleportation', 'genesis', 'midlife crisis', 'terraforming', 'simulator', 'cadet', 'radiation', 'uss reliant', 'starship', 'revenge', 'cynical', 'weapon of mass destruction', 'space opera', 'macabre', 'mentor protégé relationship', 'taunting', 'hard', 'angry', 'aggressive', 'desperate', 'outer space', 'egotistical', 'antagonistic', 'arrogant', 'assertive', 'defiant', 'disdainful', 'disheartening']"
2024-02-05,Star Trek III: The Search for Spock,1984,https://boxd.it/2b00,3.0,1980,"['Science Fiction', 'Action', 'Adventure', 'Thriller']",no,157,105,en,"['spacecraft', 'friendship', 'teleportation', 'genesis', 'starship', 'affectation', 'grave', 'resurrection', 'destruction of planet', 'space opera', 'macabre', 'alien friendship', 'father son relationship', 'mating ritual', 'outer space', 'sentimental', 'appreciative', 'baffled', 'compassionate', 'disapproving', 'disheartening', 'frustrated']"
2024-02-05,Star Trek IV: The Voyage Home,1986,https://boxd.it/2aYe,3.5,1980,"['Science Fiction', 'Adventure']",no,168,118,en,"['spacecraft', 'saving the world', 'teleportation', 'san francisco, california', 'starship', 'whale', 'marine biologist', 'uss enterprise-a', 'time travel', 'humpback whale', 'space opera', 'nostalgic', 'whaling ship', 'philosophical', 'aircraft carrier', 'outer space', 'playful', 'space probe', 'cloaking device', 'inspirational', 'lighthearted', 'grand', 'didactic', 'sentimental', 'adoring', 'amused', 'appreciative', 'approving', 'celebratory', 'compassionate', 'exhilarated', 'exuberant', 'informative', 'sympathetic']"
2024-02-17,District 9,2009,https://boxd.it/1Iik,4.0,2000,['Science Fiction'],no,17654,112,en,"['street gang', 'government', 'genetics', 'slum', 'mutation', 'dystopia', 'transformation', 'south africa', 'johannesburg, south africa', 'satire', 'alien', 'prawn', 'alternate history', 'racism', 'metamorphosis', 'xenophobia', 'internment camp', 'alien technology', 'segregation', 'private military company', 'based on short film', 'pseudo-documentary', 'grand', 'provocative', 'critical', 'intense']"
2024-02-19,Her,2013,https://boxd.it/4O24,3.0,2010,"['Romance', 'Science Fiction', 'Drama']",no,152601,126,en,"['future', 'artificial intelligence (a.i.)', 'computer', 'satire', 'love', 'loneliness', 'transhumanism', 'los angeles, california', 'heartbreak', 'semi autobiographical', 'speculative', 'singularity', 'near future', 'serene', 'intimate', 'provocative', 'dramatic', 'comforting', 'melodramatic', 'operating system']"
2024-02-26,Titane,2021,https://boxd.it/nlQC,2.5,2020,"['Drama', 'Thriller', 'Horror']",no,630240,108,fr,"['pregnancy', 'trauma', 'head wound', 'car crash', 'serial killer', 'car accident', 'woman director', 'firefighter', 'masculinity', 'abortion', 'missing son', 'female serial killer', 'woman disguised as man', 'immaculate conception', 'objectum sexuality', 'body horror']"
2024-03-11,She's the Man,2006,https://boxd.it/1Y7W,4.0,2000,"['Comedy', 'Romance']",no,9655,105,en,"['high school', 'sports', 'boarding school', 'roommates', 'twin sister', 'fake identity', 'mistaken identity', 'twin brother', 'cross dressing', 'football (soccer)', 'teen comedy', 'tomboy', 'shakespeare in modern dress', 'disguised voice', 'the big game', '2000s', 'woman disguised as man', 'gay theme']"
2024-03-12,Lisa Frankenstein,2024,https://boxd.it/ByjY,3.5,2020,"['Horror', 'Comedy', 'Romance']",yes,993784,102,en,"['high school', 'cemetery', 'dark comedy', 'coming of age', 'murder', 'teenage girl', 'female protagonist', 'corpse', 'body mutilation', 'death of mother', 'reanimated corpse', 'woman director', '1980s', 'adoring']"
2024-03-12,My Cousin Vinny,1992,https://boxd.it/1WpO,4.0,1990,"['Comedy', 'Drama']",no,10377,120,en,"['prison', 'small town', 'court case', 'court', 'southern usa', 'alabama', 'suspicion', 'cousin', 'lawyer', 'fish out of water', 'convenience store robbery', 'courtroom', 'defense attorney', 'wrongful arrest', 'expert witness', 'nostalgic', 'curious', 'murder suspect', 'engaged couple', 'courtroom drama', 'unassuming', 'ironic', 'best friends', 'deep south', 'joyous', 'understated', 'absurd', 'hilarious', 'amused', 'cheerful', 'joyful']"
2024-03-16,Poor Things,2023,https://boxd.it/tNWU,4.5,2020,"['Science Fiction', 'Romance', 'Comedy']",no,792307,141,en,"['ship', 'london, england', 'experiment', 'paris, france', 'based on novel or book', 'obsession', 'lisbon, portugal', 'crooked lawyer', 'love', 'domestic abuse', 'female protagonist', 'doctor', 'prostitution', 'cruelty', 'scientist', 'masturbation', 'disfigured face', 'sexual awakening', 'exploring sexuality', 'sex worker', 'female empowerment', 'curious', 'female sexuality', 'brain transplant', 'absurdism', 'quest for knowledge', 'spousal abuse', ""women's liberation"", 'alexandria egypt', 'victorian era', 'quest for identity', 'frankenstein', 'body horror', 'amused', 'melodramatic', 'wry']"
2024-03-18,The Lord of the Rings: The Two Towers,2002,https://boxd.it/2b5E,4.5,2000,"['Adventure', 'Fantasy', 'Action']",yes,121,179,en,"['mission', 'army', 'based on novel or book', 'elves', 'dwarf', 'magic', 'obsession', 'bravery', 'castle', 'reincarnation', 'sequel', 'battle', 'brutality', 'guide', 'split personality', 'marsh', 'fantasy world', 'wizard', 'journey', 'ring', 'live action and animation', ""hero's journey"", 'high fantasy', 'wraith', 'sword and sorcery', 'trekking', 'evil spell', 'good versus evil', 'trees', 'winged creatures']"
2024-03-18,Interesting Ball,2014,https://boxd.it/9BCS,3.5,2010,"['Fantasy', 'Comedy']",no,301937,12,en,[]
2024-03-19,The Lord of the Rings: The Return of the King,2003,https://boxd.it/2b5u,4.5,2000,"['Adventure', 'Fantasy', 'Action']",no,122,201,en,"['army', 'based on novel or book', 'elves', 'dwarf', 'magic', 'kingdom', 'obsession', 'bravery', 'castle', 'volcano', 'giant spider', 'sequel', 'honor', 'king', 'brutality', 'madness', 'split personality', 'fantasy world', 'wizard', 'epic battle', 'journey', 'ring', 'quest', 'live action and animation', ""hero's journey"", 'high fantasy', 'wraith', 'sword and sorcery', 'power madness', 'great war', 'trekking', 'good versus evil', 'sword making', 'war', 'winged creatures', 'armies', 'spirits']"
2024-03-23,Anatomy of a Fall,2023,https://boxd.it/yuDE,4.0,2020,"['Thriller', 'Mystery', 'Crime']",no,915935,151,fr,"['husband wife relationship', 'winter', 'bisexuality', 'moral conflict', 'autopsy', 'blind', 'courtroom', 'lgbt', 'death of husband', 'woman director', 'moral dilemma', 'courtroom drama', 'complex', 'mother son relationship', 'introspective', 'bisexual woman', 'grenoble', 'suspenseful', 'intense', 'amused', 'human mystery']"
2024-05-10,Planet of the Apes,1968,https://boxd.it/29p8,4.0,1960,"['Science Fiction', 'Adventure', 'Drama', 'Action']",no,871,112,en,"['space marine', 'bondage', 'human evolution', 'based on novel or book', 'gorilla', 'dystopia', 'chimp', 'slavery', 'time travel', 'space travel', 'distant future', 'apocalypse', 'astronaut', 'ape', 'human subjugation', 'authoritarian', 'callous', 'demeaning', 'hopeful', 'mean spirited', 'apes', 'mudez']"
2024-05-18,In a Lonely Place,1950,https://boxd.it/1JgO,4.0,1950,"['Drama', 'Romance', 'Mystery']",no,17057,93,en,"['beach', 'screenwriter', 'assault', 'film noir', 'murder', 'hollywood', 'black and white', 'fear', 'agent', 'murder investigation', 'reckless driving', 'murder suspect', 'moody', 'possessive man', 'disenchantment', 'insecure woman', 'volatility']"
2024-05-23,Dune: Part Two,2024,https://boxd.it/pUfA,4.5,2020,"['Science Fiction', 'Adventure']",no,693134,167,en,"['based on novel or book', 'fight', 'politics', 'sandstorm', 'sand', 'spice', 'chosen one', 'cult', 'sequel', 'romance', 'tragedy', 'distant future', 'tragic hero', 'creature', 'planet', 'desert', 'destiny', 'giant worm', 'space opera', 'sand dune', 'allegorical', 'messiah', 'fall from grace', 'vengeance', 'religious allegory', 'giant creature', 'power', 'violence', 'ambiguous', 'antagonistic', 'exuberant', 'melodramatic']"
2024-05-27,Beauty and the Beast,1946,https://boxd.it/29UA,4.5,1940,"['Drama', 'Fantasy', 'Romance']",no,648,96,fr,"['underdog', 'daughter', 'monster', 'beauty', 'rose', 'black and white', 'romantic']"
2024-05-27,Persona,1966,https://boxd.it/29B4,4.5,1960,['Drama'],no,797,84,sv,"['dreams', 'nurse', 'confession', 'identity crisis', 'mental breakdown', 'betrayal', 'mute', 'black and white', 'patient', 'psychiatry', 'submerged', 'mysterious', 'institution', 'dual personality', 'stage actress', 'duality', 'dissociative identities', 'empathetic']"
2024-05-28,Anatomy of a Murder,1959,https://boxd.it/2baa,4.5,1950,"['Crime', 'Drama', 'Mystery']",no,93,161,en,"['adultery', 'jealousy', 'rape', 'based on novel or book', 'court case', 'michigan', 'judge', 'hays code', 'jazz', 'jurors', 'trial', 'lawyer', 'black and white', 'courtroom', 'murder trial', 'courtroom drama']"
2024-06-03,The Omen,1976,https://boxd.it/29By,3.0,1970,"['Horror', 'Thriller']",no,794,111,en,"['ambassador', 'prophecy', 'monk', 'photography', 'nanny', 'paranormal phenomena', 'rottweiler', ""devil's son"", 'revelation', 'satan', 'anti-christ', 'decapitation', 'priest', 'conspiracy', 'religion', 'cowardliness', 'devil', 'baboon', 'archaeologist', 'awestruck', '666']"
2024-06-04,Hour of the Wolf,1968,https://boxd.it/1H9G,4.5,1960,"['Drama', 'Horror']",no,18333,88,sv,"['island', 'nightmare', 'isolation', 'insanity', 'artist', 'diary', 'castle', 'insomnia', 'surrealism', 'black and white', 'gothic', 'pregnant wife', 'voyeurism', 'breakdown']"
2024-06-04,Daisies,1966,https://boxd.it/LZk,4.5,1960,"['Comedy', 'Drama']",no,46919,76,cs,"['eroticism', 'feminism', 'collage', 'teenage girl', 'rebellious youth', 'flapper', 'woman director', 'repeated line', 'phallic symbol', 'dumbwaiter', 'sound effect', 'czech new wave', 'crazy girl']"
2024-06-11,Carnival of Souls,1962,https://boxd.it/1KQ4,4.0,1960,"['Horror', 'Mystery', 'Fantasy']",no,16093,78,en,"['organ', 'car crash', 'b movie', 'female protagonist', 'scare', 'psychotronic', 'organ music', 'scared', 'visions']"
2024-06-20,Belly,1998,https://boxd.it/1R5Y,4.5,1990,"['Crime', 'Drama']",no,12888,96,en,"['gangster', 'organized crime']"
2024-06-21,The Vampire Lovers,1970,https://boxd.it/1i2U,3.5,1970,['Horror'],no,31952,91,en,"['daughter', 'vampire', 'exploitation', 'revenge']"
2024-07-07,Problemista,2023,https://boxd.it/waGO,5.0,2020,['Comedy'],yes,852247,104,en,"['new york city', 'immigrant', 'widow', 'assistant', 'american dream', 'satire', 'lgbt', 'toy designer', 'thoughtful', 'lyrical', 'wonder', 'wistful', 'absurd', 'witty', 'romantic', 'whimsical', 'audacious', 'bold', 'joyful', 'sincere', 'vibrant']"
2024-07-11,Anomalisa,2015,https://boxd.it/97TE,2.5,2010,"['Animation', 'Drama', 'Romance', 'Comedy']",no,291270,91,en,"['depression', 'nightmare', 'love at first sight', 'melancholy', 'puppet', 'stop motion', 'adult animation', 'existentialism', 'somber', 'convention', 'anti-depressant', 'philosophical', 'clinical', 'intimate', 'adoring']"
2024-07-29,Love Lies Bleeding,2024,https://boxd.it/zN4q,4.0,2020,"['Crime', 'Romance', 'Thriller', 'Drama']",no,948549,104,en,"['homicide', 'blackmail', 'fbi', 'new mexico', 'eroticism', 'bisexuality', 'american dream', 'addiction', 'bodybuilder', 'steroids', 'murder', 'dirty cop', 'female protagonist', 'las vegas', 'brutality', 'crime family', 'gym', 'lgbt', 'estranged father', 'fitness', 'woman director', 'albuquerque, new mexico', 'vexed', 'neo-noir', 'female bodybuilder', 'frantic', '1980s', 'abusive husband', 'shooting range', 'father daughter relationship', 'lesbian', 'body horror', 'tense', 'audacious', 'commanding', 'exhilarated', 'exuberant']"
2024-08-12,Chungking Express,1994,https://boxd.it/1UDa,4.0,1990,"['Drama', 'Comedy', 'Romance']",no,11104,103,cn,"['drug smuggling', 'police', 'ex-girlfriend', 'girlfriend', 'snack bar', 'romance', 'hong kong', 'expiration date', 'flight attendant', 'cleaning', 'relaxed', 'hilarious', 'romantic', 'joyful']"
2024-08-13,Abigail,2024,https://boxd.it/G0NA,3.0,2020,"['Horror', 'Thriller', 'Crime', 'Action', 'Comedy']",no,1111873,109,en,"['ransom', 'vampire', 'kidnapping', 'halloween', 'dark comedy', 'child vampire', 'gothic horror', 'exploding body', 'ballerina', 'reverse trap', 'dracula', 'evil kid', 'horrified']"
2024-08-24,Bound,1996,https://boxd.it/1Z1g,4.5,1990,"['Drama', 'Thriller', 'Crime']",no,9303,105,en,"['infidelity', 'money laundering', 'plumber', 'crime boss', 'heist', 'lesbian relationship', 'mafia', 'love affair', 'ex-con', 'neo-noir', 'lesbian', 'affair', 'suspenseful', 'italian mafia', 'excited']"
2024-09-08,The Decameron,1971,https://boxd.it/1fdq,4.0,1970,"['History', 'Drama', 'Comedy']",no,33583,111,it,"['based on novel or book', 'nun', 'sexuality', 'eroticism', 'anthology', 'church', 'erotic movie', '14th century']"
2024-09-10,Kinds of Kindness,2024,https://boxd.it/CWPw,2.5,2020,"['Drama', 'Comedy']",no,1029955,164,en,"['husband wife relationship', 'dark comedy', 'anthology', 'sexual violence', 'mental illness', 'questioning', 'moral dilemma', 'shocking', 'dramedy', 'absurdism', 'victim blaming', 'self-harm', 'greek tragedy', 'introspective', 'cannibalism', 'drugging someone', 'suspenseful', 'subjective', 'sexual content', 'sex cult']"
2024-09-14,Dogtooth,2009,https://boxd.it/158K,4.0,2000,['Drama'],no,38810,98,el,"['hostage', 'paranoia', 'dysfunctional family', 'incest', 'mental illness', 'tooth', 'sexual awakening', 'fantasy world', 'isolated house', 'home education', 'brother sister sex', 'strict father', 'brother sister incest']"
2024-09-21,Prometheus,2012,https://boxd.it/2s9e,2.5,2010,"['Science Fiction', 'Adventure', 'Mystery']",no,70981,124,en,"['android', 'alien', 'space', 'creature', 'spin off', 'creation', 'emergency surgery', 'archaeological dig', 'stasis', 'god complex', 'cave drawing', 'prometheus', 'genetic mutation', 'origins of life', 'lovecraftian', '2090s', 'objective']"
2024-09-21,Alien: Covenant,2017,https://boxd.it/49UY,3.0,2010,"['Horror', 'Science Fiction', 'Thriller']",no,126889,122,en,"['android', 'spacecraft', 'experiment', 'space travel', 'infection', 'engineer', 'alien life-form', 'sequel', 'alien', 'space', 'creature', 'robot', 'scientist', 'genocide', 'creation', 'paranoid', 'acid', 'alien technology', 'genetic mutation', 'suspenseful', 'tense']"
2024-09-22,Investigation of a Citizen Above Suspicion,1970,https://boxd.it/1tRY,4.0,1970,"['Drama', 'Thriller']",no,26451,111,it,"['police brutality', 'rome, italy', 'black humor', 'social satire', 'sexual sadism', 'masochist', 'crime investigation', 'political repression', 'power abuse', 'kafkaesque']"
2024-09-22,The Host,2006,https://boxd.it/28ZY,4.0,2000,"['Horror', 'Drama', 'Science Fiction']",no,1255,120,ko,"['daughter', 'pollution', 'monster', 'river', 'bravery', 'sewerage', 'formaldehyde', 'snack bar', 'archer', 'family', 'asian origins', 'seoul, south korea', 'han river', 'amused', 'farcical', 'frightened']"
2024-09-25,I Saw the Devil,2010,https://boxd.it/FaK,3.5,2010,"['Thriller', 'Horror']",no,49797,144,ko,"['psychopath', 'cemetery', 'police chief', 'secret agent', 'revenge', 'murder', 'serial killer', 'mercilessness', 'severed head', 'brutality', 'cannibal', 'blunt', 'tracking device', 'grim', 'south korea', 'sadistic killer']"
2024-10-02,Serial Mom,1994,https://boxd.it/1Tty,4.5,1990,"['Comedy', 'Crime']",no,11592,94,en,"['court', 'harassment', 'baltimore, usa', 'dark comedy', 'housewife', 'satire', 'protection', 'motherly love', 'hit-and-run', 'evil mother', 'suburbia', 'murder', 'serial killer', 'infamy', 'perfectionist', 'perfection', 'obscene telephone call', 'protective mother']"
2024-10-05,Cronos,1992,https://boxd.it/1TjS,3.0,1990,"['Drama', 'Horror', 'Thriller']",no,11655,94,es,"['immortality', 'scarab', 'invention', 'tycoon', 'aging', 'industrialist', 'antique dealer']"
2024-10-07,Funny Games,1997,https://boxd.it/1WKM,5.0,1990,"['Drama', 'Horror', 'Thriller']",no,10234,109,de,"['lake', 'sadism', 'psychopath', 'hostage-taking', 'remote control', 'sociopath', 'breaking the fourth wall', 'serial killer', 'psychological thriller', 'family holiday', 'golf club', 'torment', 'voyeurism', 'grim', 'wealthy family', 'lake house', 'children in danger', 'psychological horror', 'sardonic']"
2024-10-08,Scream 4,2011,https://boxd.it/Zmc,4.0,2010,"['Horror', 'Mystery']",no,41446,111,en,"['rescue', 'mask', 'sheriff', 'jealousy', 'dark comedy', 'victim', 'knife', 'self-inflicted injury', 'sequel', 'sociopath', 'murder', 'house party', 'teen movie', 'serial killer', 'author', 'hospital', 'slasher', 'home invasion', 'self-referential', 'cousin relationship', 'phone call', 'satirical', 'millennials', 'publicist', 'fame-seeking', 'new generation', 'return to hometown', 'masked killer', 'absurd', 'remakes', 'amused', 'teen scream']"
2024-10-09,The Graduate,1967,https://boxd.it/18Im,3.5,1960,"['Drama', 'Romance', 'Comedy']",no,37247,106,en,"['love triangle', 'seduction', 'college', 'older woman seduces younger guy', 'romance', 'coming of age', 'los angeles, california', 'wedding', 'older woman younger man relationship', 'graduate', 'rape accusation', ""mother seduces daughter's fiancee"", 'audacious', 'bold', 'defiant', 'inflammatory']"
2024-10-12,Chicken for Linda!,2023,https://boxd.it/lGfS,4.0,2020,"['Animation', 'Comedy', 'Family']",no,589026,73,fr,[]
2024-10-12,Peeping Tom,1960,https://boxd.it/1Utk,4.0,1960,"['Horror', 'Thriller', 'Drama']",no,11167,101,en,"['london, england', 'primal fear', 'photography', 'obsession', 'childhood trauma', 'serial killer', 'landlord', 'boarding house', 'filmmaking', 'illegal prostitution', 'peeping tom', 'loner', 'voyeurism', 'blind mother', 'traumatic childhood', 'blind woman', 'sexual predator', 'proto-slasher', 'male gaze', 'mother and daughter', 'disturbed person', 'psychological trauma', 'psychological distress', 'focus puller']"
2024-10-14,The Witches,1990,https://boxd.it/1WVg,3.0,1990,"['Fantasy', 'Family', 'Horror']",no,10166,91,en,"['hotel', 'witch', 'based on novel or book', 'grandparent grandchild relationship', 'mouse', 'transformation', 'tree house', ""based on children's book"", 'seaside']"
2024-10-17,Who's Afraid of Virginia Woolf?,1966,https://boxd.it/2atK,4.5,1960,['Drama'],no,396,131,en,"['adultery', 'professor', 'married couple', 'guest', 'black humor', 'based on play or musical', 'campus', 'dysfunctional marriage', 'alcohol abuse', 'new england', 'cuckold', 'one night', 'henpecked husband', 'house guest', 'college professor', 'marital tensions', 'academia', 'dead son', 'impotent husband', 'nasty wife', 'cuckolded husband', 'nagging wife', 'hysterical drunks', 'bickering couple', 'shattered reality', 'openly flirtatious wife', 'acerbic couple', 'alcoholic couple']"
2024-10-18,Scream,2022,https://boxd.it/o0lg,3.5,2020,"['Horror', 'Mystery']",no,646385,114,en,"['mask', 'attempted murder', 'hallucination', 'murder', 'teen movie', 'serial killer', 'hospital', 'slasher', 'whodunit', 'killing spree', 'hometown', 'reboot', 'crime spree', 'illegitimate child', 'murder mystery', 'legacy', 'fandom', 'copycat killer', 'generation z', 'murder spree', 'sister sister relationship', 'retired cop', 'return to hometown', 'adoring', 'teen scream']"
2024-10-19,Children of the Corn,1984,https://boxd.it/1ViW,2.0,1980,"['Horror', 'Thriller']",no,10823,92,en,"['small town', 'sacrifice', 'children gang', 'human sacrifice', 'paganism', 'evil preacher', 'preacher', 'based on short story', 'religious cult', 'killer child', 'folk horror', 'cornfield']"
2024-10-21,The Substance,2024,https://boxd.it/zanS,4.0,2020,"['Drama', 'Horror', 'Science Fiction']",no,933260,141,en,"[""new year's eve"", 'capitalism', 'birthday', 'black market', 'identity', 'beauty', 'satire', 'aging', 'celebrity', 'female protagonist', 'los angeles, california', 'has been', 'aerobics', 'disfigurement', 'woman in jeopardy', 'woman director', 'disturbed', 'substance', 'grim', 'beauty standards', 'insecure woman', 'self image', 'toxic masculinity', 'drug', 'body horror', 'female rage', 'youth', 'actress', 'bold', 'condescending', 'farcical', 'sardonic']"
2024-10-24,Force Majeure,2014,https://boxd.it/7UcA,4.0,2010,['Drama'],no,265189,120,sv,"['husband wife relationship', 'dark comedy', 'family relationships', 'cowardliness', 'family vacation', 'coward', 'avalanche', 'running away', 'near-death experience', 'french alps', 'psychodrama', 'ski holiday', 'swedish family']"
2024-10-26,May,2002,https://boxd.it/1V8M,3.5,2000,"['Drama', 'Horror', 'Comedy']",no,10894,93,en,"['obsession', 'difficult childhood', 'bisexuality', 'fetishism', 'childhood trauma', 'imaginary friend', 'murder', 'loneliness', 'serial killer', 'female protagonist', 'doll', 'mental illness', 'lgbt', 'character study', 'socially awkward', 'independent film', 'dry humor', 'lazy eye', 'admiring']"
2024-10-26,Cure,1997,https://boxd.it/1blA,4.0,1990,"['Crime', 'Thriller', 'Horror', 'Mystery']",no,36095,112,ja,"['hotel', 'prostitute', 'amnesia', 'based on novel or book', 'investigation', 'hallucination', 'interview', 'murder', 'serial killer', 'tokyo, japan', 'interrogation', 'stranger', 'hypnotism', 'psychosis', 'record player', 'mental hospital', 'aggressive', 'neo-noir', 'personality disorder', 'anxious', 'sinister', 'bold']"
2024-10-28,MaXXXine,2024,https://boxd.it/CIM4,3.0,2020,"['Horror', 'Thriller']",no,1023922,103,en,"['pornography', 'gore', 'sequel', 'murder', 'fame', 'slasher', 'hollywood', 'whodunit', 'los angeles, california', 'video store', 'horror filmmaking', 'stardom', 'murder mystery', '1980s', 'film production', 'televangelist', 'film within a film', 'aspiring actress', 'pastiche', 'satanic panic', 'night stalker', 'father daughter estrangement', 'religious trauma', 'mystery', 'intense', 'excited', 'scathing']"
2024-10-31,Tampopo,1985,https://boxd.it/1SZe,4.5,1980,['Comedy'],no,11830,115,ja,"['widow', 'restaurant', 'business woman', 'restaurant owner', 'bullying', 'sensei', 'food', 'truck driver', 'erotic vignettes', 'hoodlum', 'foodie', 'stealing recipes', 'eastern philosophy', 'ramen', 'food culture', 'small town cook', 'gastronomia', 'joyous', 'helping people', 'whimsical', 'ridiculous', 'japanese restaurant', 'ramen noodles']"
2024-11-02,Laura,1944,https://boxd.it/27Oq,4.5,1940,"['Drama', 'Mystery']",no,1939,88,en,"['jealousy', 'obsession', 'advertising expert', 'shotgun', 'detective', 'investigation', 'mistaken identity', 'romance', 'film noir', 'murder', 'whodunit', 'black and white', 'investigator', 'intrigue', 'portrait', 'police investigation', 'mysterious', 'murder mystery', 'murder suspect', '1940s', 'other woman', 'suspense']"
2024-11-03,The Night of the Hunter,1955,https://boxd.it/25HW,4.5,1950,"['Crime', 'Drama', 'Thriller']",no,3112,93,en,"['prison', 'robbery', 'based on novel or book', 'psychopath', 'widow', 'boat', 'fanatic', 'count', 'money', 'film noir', 'murder', 'religion', 'black and white', 'theft', 'preacher', 'gothic', 'doll', 'hymn', 'children on the run', 'ex-con', 'expressionism', 'stashed cash', 'southern gothic', 'secret', 'bluebeard']"
2024-11-05,Bunny Lake Is Missing,1965,https://boxd.it/27NW,4.5,1960,"['Mystery', 'Thriller']",no,1942,107,en,"['based on novel or book', 'baby-snatching', 'swing', 'psychological thriller', 'missing child', 'pre-school', 'anxious', 'suspenseful', 'tense', 'bold', 'distressing', 'frightened', 'gloomy']"
2024-11-11,Seconds,1966,https://boxd.it/1Dbe,4.0,1960,"['Science Fiction', 'Thriller', 'Horror']",no,20620,107,en,"['plastic surgery', 'black and white']"
2024-11-19,Werewolves Within,2021,https://boxd.it/u8fC,3.0,2020,"['Horror', 'Comedy']",no,800497,97,en,"['hotel', 'isolation', 'transformation', 'snowstorm', 'forest ranger', 'murder', 'werewolf', 'whodunit', 'power outage', 'based on video game', 'blizzard', 'lycanthrope', 'pipeline']"
2024-11-23,Alien: Romulus,2024,https://boxd.it/zGqO,3.5,2020,"['Horror', 'Science Fiction']",no,945961,119,en,"['alien life-form', 'sequel', 'alien', 'space', 'alien contact', 'alien monster', 'aggressive', 'alien encounter', 'space capsule', 'cryonics', 'alien hostility', 'spaceship', 'sci-fi horror', 'ambiguous']"
2024-11-27,The Pied Piper,1972,https://boxd.it/5Dz4,3.5,1970,"['Fantasy', 'Drama']",no,185949,90,en,"['revenge', 'witchcraft', 'based on fairy tale', 'plague', '14th century', 'piper']"
2024-11-30,Children of Men,2006,https://boxd.it/1Y2i,5.0,2000,"['Drama', 'Action', 'Thriller', 'Science Fiction']",no,9693,109,en,"['future', 'government', 'police state', 'based on novel or book', 'hippie', 'england', 'faith', 'chaos', 'refugee camp', 'rebel', 'dystopia', 'miracle', 'childlessness', 'survival', 'birth', 'alcoholic', 'bombing', 'dying', 'terrorist group', 'fertility', 'soldiers', 'violence', 'dystopian sci-fi']"
2024-12-04,Smile 2,2024,https://boxd.it/FDA4,3.5,2020,"['Horror', 'Mystery']",no,1100782,127,en,"['drug dealer', 'new york city', 'suicide', 'concert', 'delusion', 'trauma', 'hallucination', 'addiction', 'sequel', 'murder', 'curse', 'car accident', 'scar', 'demon', 'guilt', 'pop music', 'evil', 'sobriety', 'self-harm', 'delusional', 'popstar', 'smile', 'supernatural horror', 'body horror', 'psychological horror', 'tour', 'horror']"
2024-12-09,Vertigo,1958,https://boxd.it/2apI,4.0,1950,"['Mystery', 'Romance', 'Thriller']",no,426,128,en,"['plan', ""love of one's life"", 'sense of guilt', 'san francisco, california', 'suicide attempt', 'obsession', 'bachelor', 'detective', 'necklace', 'vertigo', 'museum', 'painting', 'insurance fraud', 'film noir', 'golden gate bridge', 'psychological thriller', 'rescue from drowning', 'technicolor', 'neo-noir', 'fear of heights', 'color film noir', 'hipnotismo', 'vistavision']"
2024-12-26,Dogville,2003,https://boxd.it/2a8W,4.5,2000,"['Crime', 'Drama', 'Thriller']",yes,553,178,en,"['friendship', 'bondage', 'rape', 'police', 'gangster', 'village life', 'refugee', 'blackmail', 'mountain', 'american dream', 'bank robber', 'last judgment', 'mountain village', 'exploitation', 'rocky mountains', 'woman martyr', 'physical work', 'wanted poster', 'forced labour', 'slavery', 'recession', 'art house', 'hoodlum', 'experimental film', 'avant garde film', 'art house film']"
2024-12-31,Humanist Vampire Seeking Consenting Suicidal Person,2023,https://boxd.it/Blzk,4.0,2020,"['Romance', 'Comedy', 'Fantasy', 'Horror']",no,988402,91,fr,"['friendship', 'suicide', 'suicide attempt', 'vampire', 'bite', 'hunger', 'bloodthirstiness', 'quebec', 'moral conflict', 'bullying', 'montreal, canada', 'coming of age', 'bully', 'revenge', 'relationship', 'compassion', 'will', 'teeth', 'macabre', 'suicide thoughts', 'forced', 'unlikely friendship', 'teen suicide', 'blood sucking', 'starving', 'woman director', 'bullied', 'revenge killing', 'moral dilemma', 'humanity', 'canine', 'improbable friendship', 'drinking blood', 'boy meets girl', 'humanism', 'consent', 'forced to kill', 'human vampire relationship', 'boy girl relationship', 'playful', 'french canadian', 'night', 'reluctant vampire', 'blood', 'teenager', 'absurd', 'revenge for bullying', 'take revenge', 'whimsical', 'compassionate', 'earnest']"
2025-01-02,Oddity,2024,https://boxd.it/K9pg,4.0,2020,"['Horror', 'Mystery']",no,1216191,98,en,"['mannequin', 'paranormal', 'murder', 'home invasion', 'twins', 'death of sister', 'clairvoyant', 'aggressive', 'oddities', 'blind woman', 'irish horror', 'antique shop', 'cruel', 'psychic medium']"
2025-01-02,28 Days Later,2002,https://boxd.it/2aXU,4.0,2000,"['Horror', 'Thriller', 'Science Fiction']",no,170,113,en,"['daughter', 'taxi', 'london, england', 'submachine gun', 'gas station', 'infection', 'outbreak', 'survival', 'laboratory', 'hospital', 'zombie', 'brutality', 'church', 'rage', 'epidemic', 'military', 'virus', 'hopeless', 'waking from coma', 'animal research', 'frightened']"
2025-01-12,The Wailing,2016,https://boxd.it/9fLy,4.0,2010,"['Horror', 'Mystery']",no,293670,156,ko,"['daughter', 'small town', 'police', 'investigation', 'exorcism', 'possession', 'murder', 'priest', 'rural area', 'curse', 'shaman', 'zombie', 'demon', 'shrine', 'occult', 'macabre', 'ghost', 'gluttony', 'shamanism', 'folk horror', 'acupuncture', 'divination', 'frightened']"
2025-01-18,The Bride Wore Black,1968,https://boxd.it/24Ia,3.0,1960,"['Crime', 'Drama', 'Mystery']",no,4191,107,fr,"['repayment', 'femme fatale', 'french noir']"
2025-01-18,The Servant,1963,https://boxd.it/VAa,4.5,1960,['Drama'],no,42987,116,en,"['london, england', 'servant', 'bachelor', 'manipulation', 'con man', 'role reversal', 'alcoholism', 'femme fatale', 'sexual humiliation', 'downfall', 'black and white', 'home invasion', 'alcohol abuse', 'seductress', 'cuckold', 'class prejudice', 'class conflict', 'manservant', 'psychosexual thriller', 'master servant relationship', 'british class system', 'downward spiral', 'moral corruption', 'mirrors', 'self-destructive behavior', 'homme fatale', 'seductive maid']"
2025-01-26,A Scanner Darkly,2006,https://boxd.it/25jK,4.0,2000,"['Animation', 'Science Fiction', 'Thriller']",no,3509,100,en,"['future', 'california', 'dreams', 'schizophrenia', 'based on novel or book', 'undercover', 'detective', 'dystopia', 'cocaine', 'exam', 'assignment', 'cyberpunk', 'drugs', 'surveillance', 'totalitarian', 'corporation', 'speculative', 'substance', 'condition', 'neo-noir', 'dubious']"
2025-01-29,Nosferatu,2024,https://boxd.it/f5eG,4.0,2020,"['Horror', 'Fantasy']",no,426063,133,en,"['cold', 'based on novel or book', 'vampire', 'necrophilia', 'eroticism', 'possession', 'würzburg', 'remake', 'gothic horror', 'desire', 'questioning', 'somnambulism', 'plague', '19th century', 'dread', 'drinking blood', 'complex', 'supernatural horror', 'period piece', '1830s', 'nightmares', 'amused']"
2025-02-02,Bunnylovr,2025,https://boxd.it/QxM6,3.0,2020,['Drama'],no,1364297,86,en,"['new york city', 'bunny', 'female friendship', 'female protagonist', 'brooklyn, new york city', 'woman director', 'sex worker', 'cam girl', 'asian american', 'independent film', 'gen z']"
2025-02-02,"Sorry, Baby",2025,https://boxd.it/JKNi,4.0,2020,"['Drama', 'Comedy']",no,1205515,103,en,"['rape', 'post-traumatic stress disorder (ptsd)', 'cat', 'professor', 'massachusetts', 'female friendship', 'jury duty', 'female protagonist', 'pregnant woman', 'healing process', 'sexual assault', 'meditative', 'female teacher', 'cautionary', 'student mentor relationship', 'independent film', 'grad school', 'nonbinary director']"
2025-02-06,My Brother's Wedding,1983,https://boxd.it/3dBE,4.5,1980,['Drama'],no,91735,81,en,['l.a. rebellion']
2025-02-12,Audition,1999,https://boxd.it/1UHm,4.0,1990,"['Horror', 'Drama']",no,11075,115,ja,"['sadism', 'man looking for wife', 'psychological thriller', 'torture', 'pretty woman']"
2025-02-17,Blade,1998,https://boxd.it/1a8A,4.0,1990,"['Horror', 'Action']",no,36647,121,en,"['martial arts', 'hero', 'vampire', 'superhero', 'supernatural', 'based on comic', 'rivalry', 'vampire hunter (slayer)', 'sword fight', 'revenge', 'tragic hero', 'one man army', 'martial arts master', 'scientist', 'super power', 'blade', 'secret headquarters', 'escapade', 'deadly', 'master warrior', 'urban gothic', 'good versus evil']"
2025-02-17,The Triplets of Belleville,2003,https://boxd.it/1Y6Y,4.0,2000,"['Animation', 'Comedy', 'Drama', 'Family']",no,9662,80,fr,"['france', 'kidnapping', 'biker', 'tour de france', 'mafia', 'dog', 'triplet', 'band singer', 'silent film', 'adult animation', 'old woman']"
2025-02-17,The Girl with the Needle,2024,https://boxd.it/KQ3M,3.0,2020,"['Drama', 'History']",no,1232827,123,da,"['based on true story', 'post world war i', 'black and white']"
2025-02-18,Longlegs,2024,https://boxd.it/KzLM,3.0,2020,"['Crime', 'Horror', 'Thriller']",no,1226578,101,en,"['homicide', 'fbi', 'religion and supernatural', 'haunting', 'satanism', 'barn', 'satanist', 'code', 'oregon, usa', 'flashback', 'murder', 'serial killer', 'religion', 'female protagonist', 'corpse', 'series of murders', 'violent death', 'killing spree', 'catholic', 'death', 'death in family', 'occult', 'macabre', 'satanic cult', 'clairvoyant', 'crime spree', 'rookie', 'crime investigation', 'manic', 'sadistic psychopath', 'unsettling', 'disturbed', 'scary doll', 'accomplice', '1990s', 'dread', 'creepy doll', 'psychological terror', 'singing in a car', 'haunted doll', 'homicide investigation', 'supernatural horror', 'female investigator', 'police procedural', 'children in danger', 'criminal plot', 'psychological horror', 'horrific crime', 'suspenseful', 'intense']"
2025-02-18,Safe,1995,https://boxd.it/1gKU,3.5,1990,['Drama'],no,32646,119,en,"['pollution', 'quarantine', 'chemical', 'allegory', 'housewife', 'medicine', 'suburbia', 'female protagonist', 'allergy', 'disease', 'psychiatrist', 'illness', 'san fernando valley', 'disorder', 'retreat', '1980s', 'enviromentalism', 'multiple chemical sensitivity (mcs)', 'environmental illness', 'chronic illness']"
2025-02-19,Dark Waters,2019,https://boxd.it/kaYu,3.5,2010,"['Drama', 'Thriller']",no,552178,127,en,"['pollution', 'grave', 'biography', 'based on true story', 'lawsuit', 'west virginia', 'cancer', 'lawyer', 'biting', 'farmer', 'water pollution', 'government corruption', 'mysterious', 'paranoid', 'grim', '1990s', 'somber', 'based on magazine, newspaper or article', 'anxious', 'legal thriller', 'chemical contamination', 'blood test', 'clinical', 'suspenseful', 'critical', 'foreboding', 'ominous']"
2025-02-20,Johnny Corncob,1973,https://boxd.it/10eS,4.0,1970,"['Adventure', 'Animation', 'Fantasy']",no,41078,78,hu,"['romance', 'based on song, poem or rhyme', 'adult animation', 'quest', 'war', 'underworld']"
2025-02-21,Robot Dreams,2023,https://boxd.it/vBZm,4.5,2020,"['Animation', 'Drama', 'Comedy', 'Science Fiction']",no,838240,102,es,"['friendship', 'based on comic', 'bromance', 'summer', 'robot', 'silent film', 'adult animation']"
2025-02-23,Companion,2025,https://boxd.it/F04o,3.5,2020,"['Horror', 'Science Fiction', 'Thriller']",no,1084199,97,en,"['android', 'artificial intelligence (a.i.)', 'cabin', 'robot', 'boyfriend girlfriend relationship', 'duringcreditsstinger', 'meditative', 'thoughtful', 'philosophical', 'robot girl', 'unassuming', 'reflective', 'weekend getaway', 'complex', 'wonder', 'human android relationship', 'toxic relationship', 'loving', 'introspective', 'abusive relationship', 'inspirational', 'malfunctioning android', 'sentient machine', 'provocative', 'dramatic', 'sci-fi horror', 'admiring', 'bold', 'compassionate', 'dignified', 'earnest', 'empathetic', 'hopeful', 'objective', 'optimistic', 'scathing', 'sincere', 'sympathetic', 'tragic', 'human vs machines', 'cybernetics', 'android horror']"
2025-03-01,Flow,2024,https://boxd.it/v1Ei,4.0,2020,['Animation'],no,1281775,8,en,"['dance', 'public art', 'western art', 'short film']"
2025-03-02,Memoir of a Snail,2024,https://boxd.it/EgX8,3.5,2020,"['Animation', 'Drama', 'Comedy']",no,1064486,94,en,"['depression', 'difficult childhood', 'death of father', 'stop motion', 'foster family', 'adult animation', 'death in childbirth', 'broken family', 'claymation', 'brother sister relationship', 'snail']"
2025-03-08,Monster,2023,https://boxd.it/DJEM,4.0,2020,"['Thriller', 'Horror']",no,1203484,84,xx,"['escape', 'kidnapping', 'trunk', 'remake', 'psychological thriller', 'child kidnapping', 'kids', 'escape plan', 'psychological mystery', 'psychological', 'suspense', 'psychological horror', 'suspenseful', 'intense']"
2025-03-10,The Northman,2022,https://boxd.it/nK2s,4.0,2020,"['Action', 'Adventure', 'Fantasy']",no,639933,137,en,"['father murder', 'sword', 'prince', 'gore', 'vikings (norsemen)', 'iceland', 'death of father', 'northern ireland', 'sword fight', 'revenge', 'fate', 'king', 'brutality', 'hamlet', 'based on myths, legends or folklore', 'shocking', 'nordic', '10th century', 'wonder', 'fantasy', 'dramatic', 'admiring', 'amused', 'commanding', 'tragic']"
2025-03-16,The Conversation,1974,https://boxd.it/2a38,4.0,1970,"['Crime', 'Drama', 'Mystery']",no,592,114,en,"['shadowing', 'san francisco, california', 'technology', 'spy', 'audio tape', 'paranoia', 'wiretap', 'saxophone', 'conspiracy', 'tragic event', 'surveillance', 'voyeurism']"
2025-04-07,The Game,1997,https://boxd.it/26vC,4.0,1990,"['Drama', 'Thriller', 'Mystery']",no,2649,129,en,"['suicide', 'sibling relationship', 'san francisco, california', 'birthday', 'gun', 'key', 'manipulation', 'restaurant', 'danger of life', 'birthday party', 'puzzle', 'game', 'millionaire', 'surprising', 'trapped in an elevator', 'birthday present', 'investment banker']"
2025-04-24,Demonlover,2002,https://boxd.it/1xz0,4.0,2000,"['Drama', 'Mystery', 'Thriller']",no,24488,121,fr,"['adult animation', 'hentai', 'new french extremism']"
2025-04-27,The Housemaid,1960,https://boxd.it/WJs,4.0,1960,"['Crime', 'Drama']",no,42506,112,ko,"['infidelity', 'poison', 'music teacher', 'piano lessons', 'black and white', 'maid', 'infatuation', 'rat', 'housemaid', 'uninvited guest', 'horror mystery']"
2025-04-29,Sinners,2025,https://boxd.it/KQMM,4.5,2020,"['Horror', 'Action', 'Thriller']",no,1233413,138,en,"['chicago, illinois', 'capitalism', 'ku klux klan', 'musician', 'immortality', 'vampire', 'surrealism', 'sin', 'alcoholism', 'vampire hunter (slayer)', 'church', 'twins', 'blunt', 'estranged wife', 'dual role', 'cousin relationship', 'death of daughter', 'blues music', 'aftercreditsstinger', 'klansmen', '1990s', '1930s', 'salvation', 'assimilation', 'chinese immigrant', 'brother brother relationship', 'southern gothic', 'afro-descendants', 'cousins', 'supernatural horror', 'playful', 'train station', 'mississippi', 'frightened']"
2025-05-10,The Ugly Stepsister,2025,https://boxd.it/MZBM,4.0,2020,"['Horror', 'Comedy', 'Fantasy', 'Drama']",yes,1284120,109,no,"['satire', 'based on fairy tale', 'shocking', 'beauty standards', 'desperate', 'stepmother stepdaughter relationship', 'independent film', 'body horror', 'psychological horror', 'horror', 'cinderella story', 'baffled', 'bold', 'brisk', 'exuberant', 'forceful']"
2025-05-13,To Sleep with Anger,1990,https://boxd.it/3iqG,4.5,1990,['Drama'],no,94725,101,en,"['los angeles, california', 'drifter', 'uninvited guest', 'l.a. rebellion']"
2025-05-15,The Company of Wolves,1984,https://boxd.it/1SO6,3.0,1980,"['Horror', 'Fantasy']",no,11905,95,en,"['dreams', 'grandparent grandchild relationship', 'wolf', 'fairy tale', 'halloween', 'little red riding hood', 'werewolf', 'ireland', 'grandmother', 'dark fairy tale', 'dark forest', 'fairytale']"
2025-05-20,The Long Goodbye,1973,https://boxd.it/281O,4.0,1970,"['Mystery', 'Drama', 'Crime']",no,1847,112,en,"['infidelity', 'suicide', 'corruption', 'police', 'cat', 'detective', 'greed', 'mission of murder', 'penthouse apartment', 'police operation', 'usa–mexico border', 'alcoholism', 'murder', 'chain smoking', 'whodunit', 'los angeles, california', 'interrogation', 'hit by a car', 'private eye', 'neo-noir', 'abuse', 'abusive boyfriend']"
2025-05-22,Sorcerer,1977,https://boxd.it/14J6,4.5,1970,"['Thriller', 'Adventure', 'Drama']",no,38985,122,en,"['life and death', 'new jersey', 'based on novel or book', 'central and south america', 'explosive', 'dynamite', 'car journey', 'jerusalem', 'cynicism', 'nicaragua', 'sin', 'nitroglycerin', 'remake', 'fate', 'purgatory', 'oil', 'poverty', 'terrorism', 'explosion', 'church', 'criminal', 'central america', 'south america', 'bandit', 'death', 'destiny', 'rope bridge', 'oil well', 'existentialism', 'nervous', 'paris']"
2025-05-25,Mission: Impossible – The Final Reckoning,2025,https://boxd.it/l7A2,3.0,2020,"['Action', 'Adventure', 'Thriller']",no,575265,170,en,"['mask', 'artificial intelligence (a.i.)', 'diving', 'submarine', 'espionage', 'spy', 'nuclear missile', 'fake identity', 'secret agent', 'stunt', 'sequel', 'infiltration', 'terrorist plot', 'fictional government agency', 'misinformation', 'government agency', 'complex', 'based on tv series', 'secret government agency']"
2025-05-26,The Celebration,1998,https://boxd.it/2aCM,4.5,1990,['Drama'],no,309,105,da,"['daughter', 'depression', 'infidelity', 'child abuse', 'suicide', 'parent child relationship', 'birthday', 'country house', 'twin sister', 'trauma', 'racism', 'family reunion', 'denial', 'lecture', 'death of sister', 'drunkenness', 'dinner party', 'angry', 'kids', 'child sexual abuse', 'dramatic', 'dogme 95', 'intense', 'depressing']"
2025-05-28,The Loved Ones,2009,https://boxd.it/NdC,3.0,2000,['Horror'],no,46420,84,en,"['high school', 'escape', 'killing', 'revenge', 'prom', 'torture']"
2025-05-30,The Final Destination,2009,https://boxd.it/1EmW,2.0,2000,"['Horror', 'Mystery']",no,19912,82,en,"['dying and death', 'plan', 'car race', 'gore', 'stock car racing', 'car crash', 'premonition', 'vision', 'death', 'cheating death', 'supernatural horror', 'horror', 'teen scream']"
2025-05-30,The Wolf House,2018,https://boxd.it/i1vE,4.0,2010,"['Animation', 'Horror', 'Drama']",no,499537,75,es,"['germany', 'chile', 'pinochet regime', 'stop motion', 'military dictatorship', 'adult animation', 'colonia dignidad']"
2025-06-05,Tea and Sympathy,1956,https://boxd.it/9Hi,4.5,1950,['Drama'],no,63096,122,en,"['based on play or musical', 'school', 'high school student', 'older woman younger man relationship', 'lgbt', 'preparatory school', ""boys' school"", 'sister boy', 'gay theme']"
2025-06-08,D.E.B.S.,2004,https://boxd.it/2aaS,4.0,2000,"['Action', 'Comedy', 'Romance']",yes,540,91,en,"['coming out', 'spy', 'punk rock', 'satire', 'lesbian relationship', 'covert operation', 'female protagonist', 'in the closet', 'female spy', 'lgbt', 'subversion', 'female agent', 'schoolgirl uniform', 'lip synching', 'plaid', 'thesis', 'german girl', 'french girl', 'woman director', 'spy spoof', 'teen spy', 'loving', 'lesbian', 'spies', 'spy comedy']"
2025-06-11,Peppermint Soda,1977,https://boxd.it/2NiG,4.5,1970,"['Comedy', 'Drama']",no,80220,101,fr,"['friendship', 'sibling relationship', 'paris, france', 'parent child relationship', 'school', 'woman director']"
2025-06-25,28 Weeks Later,2007,https://boxd.it/28Bi,3.0,2000,"['Horror', 'Thriller', 'Science Fiction']",no,1562,100,en,"['dying and death', 'london, england', 'sibling relationship', 'chaos', 'loss of loved one', 'mutant', 'supernatural', 'survival', 'on the run', 'zombie', 'escapade', 'virus', 'plague', 'female corpse', 'deadly']"
2025-07-12,Bring Her Back,2025,https://boxd.it/Hxlc,3.5,2020,['Horror'],no,1151031,104,en,"['sibling relationship', 'ritual', 'supernatural', 'death of father', 'grief', 'death', 'death of daughter', 'shocking', 'foster mom', 'blind child', 'supernatural horror', 'gaslighting', 'body horror', 'horror', 'tragic']"
2025-07-14,Witness for the Prosecution,1957,https://boxd.it/18H4,4.5,1950,"['Drama', 'Mystery', 'Crime']",no,37257,116,en,"['based on novel or book', 'nurse', 'widow', 'cigarette', 'letter', 'trial', 'murder', 'lawyer', 'courtroom', 'murder mystery', 'tiki culture']"
2025-07-18,Superman,2025,https://boxd.it/E9IU,4.5,2020,"['Science Fiction', 'Adventure', 'Action']",no,1061474,130,en,"['journalist', 'hero', 'superhero', 'nerd', 'villain', 'based on comic', 'alien', 'alter ego', 'dog', 'super power', 'aftercreditsstinger', 'duringcreditsstinger', 'supervillain', 'dc universe (dcu)']"
2025-07-30,The Ear,1970,https://boxd.it/38Sg,4.0,1970,"['Drama', 'War']",no,155968,98,pl,[]
2025-07-30,A History of Violence,2005,https://boxd.it/2bfa,3.0,2000,"['Drama', 'Thriller', 'Crime']",no,59,96,en,"['small town', 'hero', 'robbery', 'indiana, usa', 'distrust', 'philadelphia, pennsylvania', 'dual identity', 'double life', 'fight', 'identity', 'self-defense', 'marriage', 'diner', 'mistaken identity', 'family relationships', 'irish mob', 'revenge', 'mobster', 'lawyer', 'attempted robbery', 'based on graphic novel']"
2025-07-30,Death of a Unicorn,2025,https://boxd.it/HCPm,2.5,2020,"['Horror', 'Fantasy', 'Comedy']",no,1153714,107,en,"['dark comedy', 'blunt', 'macabre', 'unicorn', 'dark fantasy', 'cautionary', 'father daughter estrangement', 'critical', 'instructive']"
2025-07-30,Another Gay Movie,2006,https://boxd.it/1Rdo,1.0,2000,"['Comedy', 'Romance']",no,12795,94,en,"['high school', 'parody', 'loss of virginity', 'coming of age', 'spoof', 'teacher student relationship', 'teen comedy', 'sex toy', 'lgbt', 'sex comedy', 'voyeurism', 'gay friend', 'gay theme', 'best friends']"
2025-07-30,Alma's Rainbow,1994,https://boxd.it/8yF8,3.0,1990,"['Comedy', 'Drama']",no,279753,85,en,"['aunt niece relationship', 'coming of age', 'beauty salon', 'teenage girl', 'overbearing mother', 'womanhood', 'brooklyn, new york city', 'teenage daughter', 'woman director', 'salon', 'salon owner', 'hair salon', 'mother daughter relationship', 'sister sister relationship', 'teenage protagonist', 'black community', 'sisters', 'break dance', 'black woman', 'flamboyant woman', 'influential aunt or uncle']"
2025-07-30,The Watermelon Woman,1996,https://boxd.it/RRc,3.5,1990,"['Drama', 'Comedy', 'Romance']",no,44479,85,en,"['lgbt', 'woman director', 'black lgbt', 'philosophical', 'adoring', 'celebratory', 'vibrant']"
2025-07-30,The Trial,1962,https://boxd.it/25Xg,4.0,1960,"['Crime', 'Drama', 'Mystery']",no,3009,119,en,"['bureaucracy', 'based on novel or book', 'court', 'society', 'sexuality', 'paranoia', 'dystopia', 'fascism', 'surreal', 'surrealism', 'trial', 'confusion', 'judgment', 'hegemony', 'church', 'interrogation', 'courtroom', 'oppression', 'uncle nephew relationship', 'oneiric', 'discrimination', 'guilty conscience', 'power relations', 'hierarchy', 'painter as artist', 'accusation', 'legal system', 'judicial system', 'anxious', 'office worker', 'franz kafka', 'law', 'ambiguity', 'surrealistic', 'enigma', 'social absurdity', 'ambiguous', 'human & society']"
2025-08-01,Minority Report,2002,https://boxd.it/2aWi,4.0,2000,"['Science Fiction', 'Action', 'Thriller']",no,180,145,en,"['washington dc, usa', 'police chief', 'precognition', 'hologram', 'futuristic', 'murder', 'conspiracy', 'police chase', 'drugs', 'biting', 'home video', 'based on short story', 'ex-husband ex-wife relationship', 'mentor protégé relationship', 'tech noir', 'stasis', 'paranoid', 'prevention', 'missing son', 'future noir', 'loss of child', 'surveillance state', 'psychic vision', 'conspiracy thriller', '2050s', 'suspenseful', 'critical', 'intense']"
2025-08-01,The Vanishing,1988,https://boxd.it/1ZTW,3.5,1980,"['Thriller', 'Mystery']",no,8740,106,nl,"['loss of loved one', 'kidnapping', 'roadhouse', 'disappearance', 'missing person', 'curious', 'mysterious disappearance', 'search for wife']"
2025-08-02,Dumplings,2004,https://boxd.it/1ZgA,4.0,2000,['Horror'],no,9060,91,cn,"['beauty', 'deceived wife', 'eternal youth', 'masseuse']"
2025-08-03,The Fantastic 4: First Steps,2025,https://boxd.it/mP6C,3.5,2020,"['Science Fiction', 'Adventure', 'Action']",no,617126,115,en,"['strong woman', 'superhero', 'based on comic', 'end of the world', 'family', 'super power', 'superhero team', 'alternative reality', 'aftercreditsstinger', 'duringcreditsstinger', 'marvel cinematic universe (mcu)', '1960s', 'retrofuturism', 'clinical', 'intense', 'assertive', 'exhilarated', 'ridiculous']"
2025-08-05,Strange Days,1995,https://boxd.it/2aGO,3.0,1990,"['Crime', 'Drama', 'Science Fiction', 'Thriller']",no,281,145,en,"[""new year's eve"", 'future', 'pornography', 'prostitute', 'police brutality', 'dreams', 'rape', 'police', 'virtual reality', 'paranoia', 'ex-girlfriend', 'bodyguard', 'rapper', 'dystopia', 'minidisc', 'ex-cop', 'murder', 'cyberpunk', 'los angeles, california', 'criminal', 'private detective', 'revolt', 'tech noir', 'woman director']"
2025-08-08,The Monkey,2025,https://boxd.it/Gwiu,2.0,2020,"['Horror', 'Comedy']",no,1124620,97,en,"['sibling relationship', 'shotgun', 'supernatural', 'drums', 'harpoon', 'dark comedy', 'gore', 'twin brother', 'maine', 'decapitation', 'accidental death', 'wasp', 'monkey', 'exploding body', 'death', 'evil', 'evil twin', 'based on short story', 'macabre', 'dual role', 'aftercreditsstinger', 'cursed', '1990s', 'father son relationship', 'mother son relationship', 'brother brother relationship', 'toy monkey', 'supernatural horror', 'toy', 'lighthearted', 'cursed object', 'horror', 'japanese restaurant', 'father son estrangement', 'black comedy']"
2025-08-10,Final Destination Bloodlines,2025,https://boxd.it/l5y4,3.0,2020,"['Horror', 'Mystery']",no,574475,110,en,"['restaurant', 'gore', 'sequel', 'premonition', 'fate', 'family', 'death', 'psychotic', 'taunting', 'hard', 'near-death experience', 'shocking', 'paranoid', 'hostile', 'hopeless', 'insecure', '1960s', 'satirical', 'ironic', 'cheating death', 'malicious', 'suspicious', 'supernatural horror', 'vindictive', 'negative', 'horror', 'tense', 'hilarious', 'callous', 'cruel', 'disheartening', 'frightened', 'ghoulish', 'horrified', 'inflammatory', 'mean spirited', 'mocking', 'ominous', 'pessimistic', 'sarcastic', 'sardonic', 'tragic', 'teen scream']"
2025-08-14,Naked Acts,1996,https://boxd.it/8baQ,4.0,1990,"['Comedy', 'Drama']",no,271680,87,en,['woman director']
2025-08-23,The Piano Teacher,2001,https://boxd.it/2886,4.5,2000,"['Drama', 'Romance']",no,1791,131,fr,"['mother', 'concert', 'based on novel or book', 'fetish', 'conservatory', 'masochism', 'victim', 'piano lessons', 'teacher', 'love', 'perversion', 'loneliness', 'female protagonist', 'pianist', 'attraction', 'vienna, austria', 'desire', 'domineering mother', 'older woman younger man relationship', 'character study', 'voyeurism', 'piano', 'abuse', 'repression', 'self-harm', 'complex', 'mother daughter relationship', 'age-gap relationship', 'kink', 'power dynamics', 'romantic', 'bold']"
2025-08-31,Weapons,2025,https://boxd.it/EMTM,4.0,2020,"['Horror', 'Mystery']",no,1078605,129,en,"['witch', 'small town', 'pennsylvania, usa', 'ritual', 'junkie', 'teacher', 'trance', 'witchcraft', 'clown makeup', 'multiple storylines', 'bullied', 'dark fairy tale', 'unstable cop', 'supernatural horror', 'mysterious disappearance', 'spell', 'psychological horror', 'mystery', 'evil aunt', 'amused', 'ominous', 'missing children']"
2025-09-15,I Saw the TV Glow,2024,https://boxd.it/woVe,5.0,2020,"['Drama', 'Horror', 'Fantasy']",yes,858017,100,en,"['high school', 'friendship', 'loss of sense of reality', 'sexuality', 'identity', 'obsession', 'surrealism', 'asthma', 'sleepover', 'nostalgia', 'buried alive', 'suburbia', 'coming of age', 'loneliness', 'arcade', 'vhs', 'tv show in film', 'guilt', 'lgbt', 'lgbt teen', 'planetarium', 'running away', 'gender dysphoria', 'existentialism', '1990s', 'repression', 'escapism', 'subconscious', '2000s', '2010s', 'gay theme', 'queer horror', 'movie theater', 'bar', 'independent film', 'body horror', 'teenager', 'liminal space', 'nonbinary director', 'awestruck', 'gloomy']"
2025-09-19,Benedetta,2021,https://boxd.it/gdNQ,3.5,2020,"['History', 'Drama', 'Romance']",no,454527,131,fr,"['suicide', 'based on novel or book', 'nun', 'italy', 'based on true story', 'trial', 'lesbian relationship', 'torture', 'mother superior', 'lgbt', 'convent (nunnery)', 'plague', 'nunsploitation', '17th century', 'flagellation', 'peep hole', 'lesbian nun', 'visions', 'provocative']"
2025-09-20,The Devils,1971,https://boxd.it/1inI,4.0,1970,"['Drama', 'History', 'Horror']",no,31767,114,en,"['nun', 'chaos', 'christianity', 'inquisition', 'exploitation', 'satire', 'surrealism', 'biography', 'based on true story', 'sin', 'hysteria', 'priest', 'torture', 'roman catholic church', 'blasphemy', 'convent (nunnery)', 'nunsploitation', '17th century', 'grim', 'religious controversy', 'sexual perversion', 'absurd', 'banned film', 'bold']"
2025-10-08,Fascination,1979,https://boxd.it/1ncU,3.0,1970,['Horror'],no,29562,80,fr,"['rape', 'eroticism', 'castle', 'cult', 'knife', 'thief', 'aristocrat', 'erotic movie', 'erotic']"
2025-10-13,Body Bags,1993,https://boxd.it/1iNc,3.5,1990,"['Horror', 'Comedy', 'TV Movie', 'Science Fiction']",no,31578,95,en,"['baseball', 'anthology', 'mechanic', 'hair loss', 'sinister']"
2025-10-15,Blithe Spirit,1945,https://boxd.it/1FLo,5.0,1940,"['Comedy', 'Fantasy']",no,19072,96,en,"['love triangle', 'married couple', 'exorcism', 'medium', 'based on play or musical', 'murder', 'trance', 'author', 'maid', 'widower', 'novelist', 'screwball comedy', 'ghost', 'séance', 'technicolor', 'mystery writer']"
2025-10-16,Lifeforce,1985,https://boxd.it/1SGw,3.5,1980,"['Horror', 'Science Fiction', 'Action', 'Mystery']",no,11954,102,en,"['space marine', 'flying saucer', 'vampire', 'comet', 'alien', ""halley's comet""]"
2025-10-17,Immaculate,2024,https://boxd.it/Douw,2.0,2020,"['Horror', 'Mystery', 'Thriller']",no,1041613,89,en,"['nun', 'italy', 'pregnancy', 'priest', 'female protagonist', 'church', 'convent (nunnery)', 'dark secret', 'shocking', 'unassuming', 'religious horror', 'body horror']"
2025-10-19,The Incredibly True Adventure of Two Girls in Love,1995,https://boxd.it/1nDc,5.0,1990,"['Comedy', 'Drama', 'Romance']",yes,29371,94,en,"['coming out', 'birthday', 'gas station', 'romcom', 'lesbian relationship', 'interracial relationship', 'teenage girl', 'class differences', 'teenage love', 'group of friends', 'first love', 'lgbt', 'interracial couple', 'woman director', 'filling station', 'lesbian']"
2025-10-23,Peacock,2024,https://boxd.it/Lm4s,3.5,2020,['Comedy'],no,380282,27,cs,"['gay theme', 'student film']"
2025-10-24,No Other Choice,2025,https://boxd.it/nKiA,4.5,2020,"['Crime', 'Thriller', 'Comedy']",no,639988,139,ko,"['based on novel or book', 'remake', 'devoted family man', 'comedy thriller', 'black comedy']"
2025-10-25,Sentimental Value,2025,https://boxd.it/GwcG,4.0,2020,"['Drama', 'Comedy']",no,1124566,135,no,"['filmmaking', 'generational', 'oslo, norway', 'father daughter relationship', 'sister sister relationship', 'memories']"
2025-10-25,The Plague,2025,https://boxd.it/QMbO,4.0,2020,"['Drama', 'Horror']",no,1370814,95,en,"['summer camp', 'camp', 'water polo', 'psychological horror', 'horror', 'teens']"
2025-10-26,Frankenstein,2025,https://boxd.it/Ecsg,4.0,2020,"['Drama', 'Horror', 'Fantasy']",no,1062722,150,en,"['monster', 'based on novel or book', 'supernatural', 'mad scientist', 'reanimation', 'frankenstein', 'dramatic', 'intense', 'monster horror']"
2025-10-26,Arco,2025,https://boxd.it/uh7C,4.0,2020,"['Animation', 'Adventure', 'Science Fiction', 'Fantasy']",no,804370,88,fr,[]
2025-10-27,Hamnet,2025,https://boxd.it/woVy,4.5,2020,"['Drama', 'Romance']",no,858024,126,en,"['based on novel or book', 'grief', 'death of son', 'woman director', '16th century', 'william shakespeare']"
2025-10-27,Romería,2025,https://boxd.it/IR3k,3.0,2020,['Drama'],no,1182861,114,es,"['heroin', 'family drama', 'spanish transition', 'hiv/aids epidemic']"
2025-10-27,Rental Family,2025,https://boxd.it/JQOw,4.0,2020,"['Drama', 'Comedy']",no,1208348,110,en,"['self-discovery', 'tokyo, japan', 'expatriate', 'actor']"
2025-10-28,Mufasa: The Lion King,2024,https://boxd.it/sE9C,2.0,2020,"['Adventure', 'Family', 'Animation']",no,762509,118,en,"['friendship', 'paradise', 'lion', 'musical', 'prequel', 'jungle', 'told in flashback', 'betrayal by friend', 'chance meeting', 'live action remake', 'found family', 'lost']"
2025-10-30,Vampyres,1974,https://boxd.it/1kmW,3.0,1970,['Horror'],no,30885,88,en,['vampire']
2025-11-05,Bugonia,2025,https://boxd.it/qeWY,3.5,2020,"['Science Fiction', 'Crime', 'Thriller']",no,701387,119,en,"['saving the world', 'capitalism', 'kidnapping', 'paranoia', 'delusion', 'symbolism', 'dark comedy', 'satire', 'remake', 'extraterrestrial', 'alien invasion', 'power politics', 'mental illness', 'hierarchy', 'global threat', 'absurdism', 'political conflict', 'alien conspiracy', 'ecologism', 'social critique', 'suspenseful', 'black comedy']"
2025-11-05,Chainsaw Man – The Movie: Reze Arc,2025,https://boxd.it/Kgyu,4.5,2020,"['Animation', 'Action', 'Romance', 'Fantasy']",no,1218925,100,ja,"['regret', 'fight', 'identity', 'supernatural', 'manipulation', 'secret organization', 'gore', 'sequel', 'loneliness', 'chainsaw', 'based on manga', 'demon', 'adult animation', 'tragic romance', 'aggressive', 'shounen', 'anime', 'intimate', 'dramatic', 'sentimental', 'intense', 'exuberant']"
2025-11-13,American Mary,2012,https://boxd.it/48WY,2.0,2010,"['Horror', 'Thriller']",no,126277,102,en,"['amputation', 'gore', 'plastic surgery', 'torture', 'surgery', 'woman director', 'body modification', 'exhilarated']"
